{
  "project_info": {
    "project_number": "969289929596",
    "firebase_url": "https://pmob-proyek-3db62-default-rtdb.asia-southeast1.firebasedatabase.app",
    "project_id": "pmob-proyek-3db62",
    "storage_bucket": "pmob-proyek-3db62.firebasestorage.app"
  },
  "client": [
    {
      "client_info": {
        "mobilesdk_app_id": "1:969289929596:android:331d6b5eaffaf6b052caf9",
        "android_client_info": {
          "package_name": "com.example.kerjain"
        }
      },
      "oauth_client": [],
      "api_key": [
        {
          "current_key": "AIzaSyDm9Gf1MyxO11YK1_gIo2zoslbErdEvfzE"
        }
      ],
      "services": {
        "appinvite_service": {
          "other_platform_oauth_client": []
        }
      }
    }
  ],
  "configuration_version": "1"
}